16,0.015625,65536,16,229.920000,37.085600,29.577000,7.508600,1794048,13.08203125
16,0.015625,65536,64,551.916400,250.221200,217.584800,32.636400,4456448,17.109375
16,0.015625,1048576,16,3806.952600,742.454200,578.409600,164.044600,41025536,190.7109375
16,0.015625,1048576,64,9936.161400,5116.721600,4307.345200,809.376400,110100480,269.34765625
64,0.015625,65536,16,240.105000,46.538000,29.816400,16.721600,1794048,42.44140625
64,0.015625,65536,64,581.485000,279.439200,216.712000,62.727200,4456448,49.5078125
64,0.015625,1048576,16,4075.088200,998.869600,583.047800,415.821800,41025536,660.51171875
64,0.015625,1048576,64,10982.265400,6134.854200,4307.869600,1826.984600,110100480,787.75
16,0.015625,1048576,64,10076.634000,5258.041600,4900.496600,357.545000,110100480,426.625
16,0.015625,1048576,64,9973.759400,5142.346200,4787.969600,354.376600,110100480,426.625
16,0.015625,1048576,64,6689.480200,1845.936600,1505.702000,340.234600,110100480,426.625
16,0.015625,1048576,64,6638.038400,1819.842800,1491.845600,327.997200,110100480,426.625
16,0.015625,1048576,64,6440.781600,1636.641800,1501.742200,134.899600,55050240,426.625
64,0.015625,1048576,64,6773.136000,1928.757800,1502.007800,426.750000,55050240,945.0234375
16,0.015625,1048576,128,10438.515800,3264.525200,2992.579400,271.945800,110100480,611.57421875
16,0.015625,1048576,128,10482.866800,3301.690400,3023.513600,278.176800,110100480,611.57421875
16,0.015625,1048576,128,10512.164200,3316.689800,3036.591000,280.098800,110100480,611.57421875
16,0.015625,1048576,128,10286.673400,3112.984800,2830.410800,282.574000,110100480,407.734375
16,0.015625,1048576,128,10247.576200,3081.303600,2800.515600,280.788000,110100480,407.734375
16,0.015625,1048576,16,3369.998400,309.809600,240.260000,69.549600,27262976,190.7109375
16,0.015625,1048576,64,6374.988400,1557.820800,1418.727600,139.093200,55050240,269.35546875
16,0.015625,1048576,256,18196.310000,6301.629200,5749.259400,552.369800,220200960,743.89453125
