16,0.015625,1048576,16,3351.377000,284.143000,148.031500,136.111500,47316992,139.3203125
16,0.015625,1048576,64,5840.471000,1010.946500,525.443500,485.503000,165150720,155.6484375
16,0.015625,1048576,256,15985.308500,4058.102000,2123.900000,1934.202000,660602880,358.609375
16,0.015625,65536,16,206.704200,14.700800,8.417000,6.283800,2088960,9.8984375
16,0.015625,65536,64,351.907600,51.470400,29.687600,21.782800,7110656,10.921875
16,0.015625,1048576,16,3346.652800,282.686200,148.527400,134.158800,47316992,139.3203125
16,0.015625,1048576,64,5844.701200,1007.799200,526.672000,481.127200,165150720,155.6484375
64,0.015625,65536,16,218.165200,24.967400,8.434400,16.533000,2088960,25.8359375
64,0.015625,65536,64,388.923600,88.062600,29.699000,58.363600,7110656,29.671875
64,0.015625,1048576,16,3613.227200,542.244400,149.023800,393.220600,47316992,394.3203125
64,0.015625,1048576,64,6712.968800,1854.204800,527.080200,1327.124600,165150720,455.6484375
16,0.015625,1048576,64,5828.367600,1007.415800,525.152800,482.263000,165150720,155.6484375
16,0.015625,1048576,64,5845.201800,1005.219800,526.014000,479.205800,165150720,155.6484375
16,0.015625,1048576,64,5831.274600,1004.994800,525.451000,479.543800,165150720,155.6484375
16,0.015625,1048576,64,5641.968200,814.891600,534.625200,280.266400,110100480,155.6484375
16,0.015625,1048576,64,5648.303200,808.238000,529.463600,278.774400,110100480,155.6484375
64,0.015625,1048576,64,6209.870200,1393.416000,529.130000,864.286000,110100480,455.6484375
16,0.015625,1048576,128,8800.959400,1621.486200,1058.274800,563.211400,220200960,216.6328125
16,0.015625,1048576,128,8839.974000,1637.678000,1076.538800,561.139200,220200960,216.6328125
16,0.015625,1048576,128,8857.110000,1638.362200,1077.986200,560.376000,220200960,216.6328125
16,0.015625,1048576,128,8816.876000,1623.657200,1063.056600,560.600600,220200960,216.6328125
16,0.015625,1048576,128,8829.630200,1625.736000,1064.638200,561.097800,220200960,216.6328125
16,0.015625,1048576,16,3277.847600,236.234600,151.817600,84.417000,33554432,139.3203125
16,0.015625,1048576,64,5628.014000,805.420000,527.592400,277.827600,110100480,155.6484375
16,0.015625,1048576,256,15089.960400,3244.936800,2125.808000,1119.128800,440401920,358.609375
