backend,stage,suite,case,n,m,k,width,rounds,supple_offline_ms,ofr_offline_ms,supple_online_ms,ofr_online_ms,supple_total_ms,ofr_total_ms,ofr_total_over_supple,ofr_online_over_byte_baseline,control_bytes,supple_ecall_ms,ofr_ecall_ms,heap_rounds,supple_heap_peak_bytes,ofr_heap_peak_bytes,online_baseline_stage,online_speedup_over_supple,online_speedup_min_paired,online_speedup_median_paired,online_speedup_max_paired,online_2x_all_rounds
native,stage_00_baseline,matrix,equal_k16,65536,4096,16,8,7,7.270709,27.488985,6.225764,4.306128,13.540704,31.778499,2.346887,1.000000,1900544.000000,,,,,,stage_00_baseline,1.445792,1.186553,1.440175,1.458869,0
native,stage_00_baseline,matrix,equal_k16,262144,16384,16,8,7,32.200929,138.023208,28.487818,19.589878,60.829614,157.613086,2.591058,1.000000,8650752.000000,,,,,,stage_00_baseline,1.454211,1.445084,1.454211,1.758767,0
native,stage_00_baseline,matrix,equal_k16,1048576,65536,16,8,7,148.223019,724.867503,132.420612,90.732680,280.248931,816.011405,2.911738,1.000000,38797312.000000,,,,,,stage_00_baseline,1.459459,1.450436,1.453403,1.470523,0
native,stage_00_baseline,matrix,equal_k16,4194304,262144,16,8,7,655.579219,4012.282834,613.951601,409.716177,1271.225689,4421.999011,3.478532,1.000000,171966464.000000,,,,,,stage_00_baseline,1.498480,1.480718,1.496729,1.513949,0
native,stage_00_baseline,matrix,equal_k16,16777216,1048576,16,8,7,2946.434850,28873.442611,2752.521240,1834.172450,5707.068067,30703.278263,5.379869,1.000000,754974720.000000,,,,,,stage_00_baseline,1.500688,1.488825,1.506102,1.508678,0
native,stage_00_baseline,matrix,equal_k64,1048576,16384,64,16,7,207.782698,963.559101,221.211607,145.185387,429.167815,1108.279925,2.582393,1.000000,55050240.000000,,,,,,stage_00_baseline,1.523649,1.508299,1.518885,1.545561,0
native,stage_00_baseline,matrix,equal_k64,4194304,65536,64,16,7,906.326563,5322.182076,1016.529361,663.888266,1925.507253,5984.810334,3.108173,1.000000,245366784.000000,,,,,,stage_00_baseline,1.531175,1.367248,1.538654,1.548855,0
native,stage_01_packed,matrix,equal_k16,65536,4096,16,8,7,7.626000,37.182361,6.874332,6.131239,14.501041,43.319095,2.987309,1.423840,475136.000000,,,,,,stage_00_baseline,1.121198,1.111305,1.120450,1.137259,0
native,stage_01_packed,matrix,equal_k16,262144,16384,16,8,7,33.604402,178.636100,31.009118,27.974023,64.603964,206.622868,3.198300,1.427984,2162688.000000,,,,,,stage_00_baseline,1.108497,1.097440,1.109127,1.122304,0
native,stage_01_packed,matrix,equal_k16,1048576,65536,16,8,7,147.736412,872.595578,138.917931,123.789881,287.382723,996.385459,3.467103,1.364336,9699328.000000,,,,,,stage_00_baseline,1.122207,1.043833,1.118341,1.132174,0
native,stage_01_packed,matrix,equal_k16,4194304,262144,16,8,7,659.313487,4637.744983,620.592774,565.187053,1281.668810,5211.428927,4.066128,1.379460,42991616.000000,,,,,,stage_00_baseline,1.098031,1.081768,1.100749,1.116410,0
native,stage_01_packed,matrix,equal_k16,16777216,1048576,16,8,7,2962.136267,27551.380980,2792.275751,2497.385372,5755.684552,30043.909700,5.219867,1.361587,188743680.000000,,,,,,stage_00_baseline,1.118080,1.101875,1.113797,1.133434,0
native,stage_01_packed,matrix,equal_k64,1048576,16384,64,16,7,207.875467,1195.850304,225.055498,213.064937,432.930965,1408.915241,3.254365,1.467537,13762560.000000,,,,,,stage_00_baseline,1.056277,1.045492,1.057511,1.072651,0
native,stage_01_packed,matrix,equal_k64,4194304,65536,64,16,7,921.810921,6153.389254,1024.045755,956.928196,1945.165956,7116.098634,3.658350,1.441399,61341696.000000,,,,,,stage_00_baseline,1.070139,1.006739,1.074905,1.077261,0
native,stage_02_fused,matrix,equal_k16,65536,4096,16,8,7,7.672954,34.384390,6.702818,5.896223,14.375772,40.321781,2.804843,1.369263,475136.000000,,,,,,stage_00_baseline,1.136799,1.126531,1.136570,1.141417,0
native,stage_02_fused,matrix,equal_k16,262144,16384,16,8,7,33.496388,165.403923,30.196850,26.557125,63.699123,191.920258,3.012918,1.355655,2162688.000000,,,,,,stage_00_baseline,1.137053,1.129873,1.137419,1.147786,0
native,stage_02_fused,matrix,equal_k16,1048576,65536,16,8,7,146.684606,816.372422,136.575595,116.572103,283.559000,932.056945,3.286995,1.284786,9699328.000000,,,,,,stage_00_baseline,1.171598,1.156304,1.174787,1.187326,0
native,stage_02_fused,matrix,equal_k16,4194304,262144,16,8,7,664.442569,4489.530056,616.053099,535.338118,1283.365680,5028.998015,3.918601,1.306607,42991616.000000,,,,,,stage_00_baseline,1.150774,1.145413,1.150774,1.159280,0
native,stage_02_fused,matrix,equal_k16,16777216,1048576,16,8,7,2990.705954,29094.061947,2784.075055,2342.874296,5776.975286,31446.582792,5.443434,1.277347,188743680.000000,,,,,,stage_00_baseline,1.188316,1.180120,1.188141,1.190214,0
native,stage_02_fused,matrix,equal_k64,1048576,16384,64,16,7,207.018751,1111.579643,220.617058,202.362951,427.684880,1314.353235,3.073181,1.393825,13762560.000000,,,,,,stage_00_baseline,1.090205,1.055787,1.090205,1.097037,0
native,stage_02_fused,matrix,equal_k64,4194304,65536,64,16,7,926.896495,5881.349802,1015.357087,914.057200,1945.465432,6797.527290,3.494037,1.376824,61341696.000000,,,,,,stage_00_baseline,1.110824,1.099593,1.113438,1.119735,0
native,stage_03_tiled,matrix,equal_k16,65536,4096,16,8,7,7.702465,27.851008,6.888396,6.261063,14.557006,34.122319,2.344048,1.453989,475136.000000,,,7,1900700.000000,2048776.000000,stage_00_baseline,1.100196,1.085725,1.101785,1.115516,0
native,stage_03_tiled,matrix,equal_k16,262144,16384,16,8,7,33.589391,126.013576,30.908660,27.998092,64.507695,153.958842,2.386674,1.429212,2162688.000000,,,7,7602332.000000,8454920.000000,stage_00_baseline,1.103956,1.099902,1.103687,1.114042,0
native,stage_03_tiled,matrix,equal_k16,1048576,65536,16,8,7,147.117595,565.129227,139.399736,120.214773,286.247327,685.344000,2.394237,1.324934,9699328.000000,,,7,30408860.000000,34865928.000000,stage_00_baseline,1.159589,1.139760,1.154979,1.185308,0
native,stage_03_tiled,matrix,equal_k16,4194304,262144,16,8,7,661.271145,2548.676538,619.353705,554.203477,1280.263591,3101.050036,2.422197,1.352652,42991616.000000,,,7,121634972.000000,143655688.000000,stage_00_baseline,1.117557,1.076324,1.120746,1.128805,0
native,stage_03_tiled,matrix,equal_k16,16777216,1048576,16,8,7,2948.807225,11505.093248,2763.123774,2407.207550,5710.738731,13905.000446,2.434886,1.312422,188743680.000000,,,7,486539420.000000,591397640.000000,stage_00_baseline,1.147854,1.142269,1.147400,1.154406,0
native,stage_03_tiled,matrix,equal_k64,1048576,16384,64,16,7,207.290764,797.821706,222.835210,202.057780,429.893765,1000.529286,2.327387,1.391723,13762560.000000,,,7,72351948.000000,80349592.000000,stage_00_baseline,1.102829,1.092167,1.101648,1.120878,0
native,stage_03_tiled,matrix,equal_k64,4194304,65536,64,16,7,920.640086,3603.345534,1012.670751,912.186086,1942.390142,4514.901529,2.324405,1.374005,61341696.000000,,,7,239075532.000000,277350808.000000,stage_00_baseline,1.110158,1.104586,1.113671,1.118107,0
native,stage_04_workspace,matrix,equal_k16,65536,4096,16,8,7,7.793603,9.783082,6.875679,5.173814,14.722978,14.956896,1.015888,1.201500,475136.000000,,,7,1900700.000000,2107344.000000,stage_00_baseline,1.328938,1.326262,1.330752,1.339317,0
native,stage_04_workspace,matrix,equal_k16,262144,16384,16,8,7,34.131521,46.030288,30.925922,23.056516,65.023654,69.090062,1.062537,1.176961,2162688.000000,,,7,7602332.000000,8685520.000000,stage_00_baseline,1.341309,1.334504,1.341309,1.353243,0
native,stage_04_workspace,matrix,equal_k16,1048576,65536,16,8,7,148.545334,217.825300,137.938313,102.584875,286.412629,320.364126,1.118541,1.130628,9699328.000000,,,7,30408860.000000,35784656.000000,stage_00_baseline,1.344626,1.320413,1.347669,1.406628,0
native,stage_04_workspace,matrix,equal_k16,4194304,262144,16,8,7,667.654913,1075.298145,617.619266,454.668906,1287.784347,1531.357377,1.189141,1.109717,42991616.000000,,,7,121634972.000000,147326928.000000,stage_00_baseline,1.358393,1.285694,1.357129,1.412065,0
native,stage_04_workspace,matrix,equal_k16,16777216,1048576,16,8,7,2987.038861,5436.834758,2778.151317,1972.645506,5758.334636,7412.594571,1.287281,1.075496,188743680.000000,,,7,486539420.000000,606078928.000000,stage_00_baseline,1.408338,1.373994,1.405270,1.426860,0
native,stage_04_workspace,matrix,equal_k64,1048576,16384,64,16,7,210.292560,301.131742,223.424218,156.154362,434.057610,457.570625,1.054170,1.075552,13762560.000000,,,7,72351948.000000,80349848.000000,stage_00_baseline,1.430791,1.424734,1.432283,1.457666,0
native,stage_04_workspace,matrix,equal_k64,4194304,65536,64,16,7,927.851595,1461.181552,1016.150236,716.504234,1949.015663,2177.573646,1.117268,1.079254,61341696.000000,,,7,239075532.000000,277351064.000000,stage_00_baseline,1.418205,1.402578,1.412054,1.453851,0
native,stage_05_latency,matrix,equal_k16,65536,4096,16,8,7,7.814800,9.228853,6.866728,4.447450,14.709939,13.698650,0.931251,1.032819,475136.000000,,,7,1900700.000000,2107344.000000,stage_00_baseline,1.543970,1.540923,1.542985,1.549448,0
native,stage_05_latency,matrix,equal_k16,262144,16384,16,8,7,34.163817,44.188899,30.870203,20.224666,65.016868,64.413565,0.990721,1.032404,2162688.000000,,,7,7602332.000000,8685520.000000,stage_00_baseline,1.526364,1.502913,1.526248,1.532948,0
native,stage_05_latency,matrix,equal_k16,1048576,65536,16,8,7,148.917075,209.073569,138.317546,91.198247,287.301797,301.140383,1.048167,1.005131,9699328.000000,,,7,30408860.000000,35784656.000000,stage_00_baseline,1.516669,1.362185,1.512606,1.560573,0
native,stage_05_latency,matrix,equal_k16,4194304,262144,16,8,7,669.036411,1037.468062,621.417577,407.962356,1290.154261,1448.647852,1.122849,0.995719,42991616.000000,,,7,121634972.000000,147326928.000000,stage_00_baseline,1.523223,1.505357,1.518849,1.529506,0
native,stage_05_latency,matrix,equal_k16,16777216,1048576,16,8,7,2984.202056,5205.626889,2769.152142,1784.319546,5759.728880,6987.361336,1.213141,0.972820,188743680.000000,,,7,486539420.000000,606078928.000000,stage_00_baseline,1.551937,1.540736,1.549292,1.564595,0
native,stage_05_latency,matrix,equal_k64,1048576,16384,64,16,7,210.491955,288.070554,222.707496,145.742932,433.441962,433.804701,1.000837,1.003840,13762560.000000,,,7,72351948.000000,80349848.000000,stage_00_baseline,1.528084,1.487202,1.527466,1.562094,0
native,stage_05_latency,matrix,equal_k64,4194304,65536,64,16,7,934.863885,1400.992354,1012.362219,673.938799,1954.064039,2082.384673,1.065669,1.015139,61341696.000000,,,7,239075532.000000,277351064.000000,stage_00_baseline,1.502157,1.471310,1.498781,1.528390,0
native,stage_06_batch,matrix,equal_k16,65536,4096,16,8,7,7.855195,9.303585,6.928547,2.448643,14.783742,11.742629,0.794293,0.568641,475136.000000,,,7,1900700.000000,2107344.000000,stage_00_baseline,2.829546,2.797947,2.826704,2.855400,1
native,stage_06_batch,matrix,equal_k16,262144,16384,16,8,7,34.326314,44.452575,31.129076,10.818106,65.446698,55.270681,0.844514,0.552229,2162688.000000,,,7,7602332.000000,8685520.000000,stage_00_baseline,2.877498,2.867778,2.873214,3.138926,1
native,stage_06_batch,matrix,equal_k16,1048576,65536,16,8,7,150.714342,211.505179,140.977030,48.651086,294.845716,259.961624,0.881687,0.536202,9699328.000000,,,7,30408860.000000,35784656.000000,stage_00_baseline,2.897716,2.852870,2.913640,3.066891,1
native,stage_06_batch,matrix,equal_k16,4194304,262144,16,8,7,668.924131,1038.499274,623.128743,217.525670,1291.843916,1257.032912,0.973053,0.530918,42991616.000000,,,7,121634972.000000,147326928.000000,stage_00_baseline,2.864622,2.766626,2.864854,2.882737,1
native,stage_06_batch,matrix,equal_k16,16777216,1048576,16,8,7,2996.606996,5242.679836,2777.676280,958.391358,5779.085716,6201.387328,1.073074,0.522520,188743680.000000,,,7,486539420.000000,606078928.000000,stage_00_baseline,2.898269,2.824893,2.904853,2.928976,1
native,stage_06_batch,matrix,equal_k64,1048576,16384,64,16,7,210.232441,287.506199,224.539590,102.616549,435.275300,390.093729,0.896200,0.706797,13762560.000000,,,7,72351948.000000,80349848.000000,stage_00_baseline,2.188142,2.167775,2.183405,2.274417,1
native,stage_06_batch,matrix,equal_k64,4194304,65536,64,16,7,931.506849,1399.790564,1012.558021,485.228928,1944.949241,1884.334085,0.968835,0.730889,61341696.000000,,,7,239075532.000000,277351064.000000,stage_00_baseline,2.086764,2.039184,2.083822,2.109187,1
native,stage_03_tiled,shapes,compact,4096,16,16,16,7,0.115792,0.144804,0.110741,0.108068,0.226720,0.252872,1.115349,,1600.000000,,,7,95068.000000,96108.000000,,1.024734,0.985814,1.024734,1.057956,0
native,stage_03_tiled,shapes,equal,4096,64,64,16,7,0.545378,1.794642,0.504134,0.440697,1.047544,2.235339,2.133886,,29184.000000,,,7,221388.000000,230296.000000,,1.143947,1.105981,1.143609,1.206716,0
native,stage_03_tiled,shapes,frontier,4096,64,128,16,7,1.095082,3.580899,1.067622,0.892470,2.163840,4.471048,2.066256,,58368.000000,,,7,358660.000000,392656.000000,,1.196255,1.187658,1.201873,1.258936,0
native,stage_03_tiled,shapes,mixed,4096,48,128,16,7,0.903750,3.168318,0.867224,1.640569,1.770974,4.817070,2.720012,,41728.000000,,,7,291556.000000,327380.000000,,0.528612,0.512834,0.525114,0.548182,0
native,stage_03_tiled,shapes,equal_wide,4096,64,64,64,7,0.551986,1.797848,1.573944,1.070399,2.122275,2.872747,1.353617,,29184.000000,,,7,805068.000000,813976.000000,,1.470427,1.177918,1.466330,1.502982,0
native,stage_03_tiled,shapes,equal_256,4096,64,64,256,7,0.547222,1.798665,6.129484,3.796254,6.674662,5.602396,0.839353,,29184.000000,,,7,3139788.000000,3148696.000000,,1.614614,1.585351,1.623314,1.669661,0
native,stage_03_tiled,shapes,mixed_256,4096,48,128,256,7,0.900876,3.164601,9.663275,7.321946,10.580956,10.487631,0.991180,,41728.000000,,,7,4200676.000000,4236500.000000,,1.319769,1.311653,1.318350,1.336517,0
native,stage_04_workspace,shapes,compact,4096,16,16,16,7,0.119745,0.125785,0.118493,0.107054,0.238571,0.233572,0.979046,,1600.000000,,,7,95068.000000,96236.000000,,1.106853,0.930652,1.107153,1.201522,0
native,stage_04_workspace,shapes,equal,4096,64,64,16,7,0.559101,0.667704,0.510302,0.349398,1.070350,1.017659,0.950772,,29184.000000,,,7,221388.000000,230552.000000,,1.460518,1.440980,1.460469,1.518219,0
native,stage_04_workspace,shapes,frontier,4096,64,128,16,7,1.133677,1.336288,1.061554,0.764675,2.195158,2.102884,0.957965,,58368.000000,,,7,358660.000000,392912.000000,,1.388242,1.364584,1.402478,1.438691,0
native,stage_04_workspace,shapes,mixed,4096,48,128,16,7,0.925596,2.405040,0.870234,1.572453,1.797321,3.982225,2.215645,,41728.000000,,,7,291556.000000,327636.000000,,0.553424,0.544552,0.551532,0.562590,0
native,stage_04_workspace,shapes,equal_wide,4096,64,64,64,7,0.561192,0.664976,1.640461,1.102266,2.182847,1.767242,0.809604,,29184.000000,,,7,805068.000000,814232.000000,,1.488262,1.471078,1.495913,1.546325,0
native,stage_04_workspace,shapes,equal_256,4096,64,64,256,7,0.565588,0.673923,6.071866,3.729166,6.619043,4.405848,0.665632,,29184.000000,,,7,3139788.000000,3148952.000000,,1.628210,1.622775,1.649372,1.696776,0
native,stage_04_workspace,shapes,mixed_256,4096,48,128,256,7,0.937517,2.420876,9.591118,7.199677,10.526088,9.616396,0.913577,,41728.000000,,,7,4200676.000000,4236756.000000,,1.332159,1.305205,1.331042,1.341774,0
native,stage_05_latency,shapes,compact,4096,16,16,16,7,0.119553,0.126608,0.112155,0.104791,0.233536,0.233979,1.001897,,1600.000000,,,7,95068.000000,96236.000000,,1.070273,0.992399,1.062658,1.239977,0
native,stage_05_latency,shapes,equal,4096,64,64,16,7,0.555827,0.629079,0.504153,0.315587,1.058324,0.944621,0.892563,,29184.000000,,,7,221388.000000,230552.000000,,1.597509,1.582848,1.591626,1.609029,0
native,stage_05_latency,shapes,frontier,4096,64,128,16,7,1.134229,1.273256,1.070083,0.693342,2.204312,1.966598,0.892160,,58368.000000,,,7,358660.000000,392912.000000,,1.543370,1.361797,1.527266,1.570672,0
native,stage_05_latency,shapes,mixed,4096,48,128,16,7,0.926421,2.398384,0.867539,1.472181,1.795547,3.868189,2.154323,,41728.000000,,,7,291556.000000,327636.000000,,0.589288,0.585181,0.591440,0.596465,0
native,stage_05_latency,shapes,equal_wide,4096,64,64,64,7,0.558071,0.635284,1.648860,1.044872,2.213279,1.674028,0.756357,,29184.000000,,,7,805068.000000,814232.000000,,1.578050,1.565738,1.585871,1.626846,0
native,stage_05_latency,shapes,equal_256,4096,64,64,256,7,0.561076,0.634881,6.139030,3.651032,6.701216,4.285913,0.639572,,29184.000000,,,7,3139788.000000,3148952.000000,,1.681451,1.671521,1.682383,1.734375,0
native,stage_05_latency,shapes,mixed_256,4096,48,128,256,7,0.935143,2.410916,9.675533,7.173175,10.607605,9.582402,0.903352,,41728.000000,,,7,4200676.000000,4236756.000000,,1.348849,1.333109,1.348849,1.415188,0
native,stage_06_batch,shapes,compact,4096,16,16,16,7,0.119806,0.127459,0.109875,0.103617,0.229589,0.231240,1.007191,,1600.000000,,,7,95068.000000,96236.000000,,1.060395,1.003459,1.063138,1.116125,0
native,stage_06_batch,shapes,equal,4096,64,64,16,7,0.561645,0.632737,0.501897,0.215117,1.066742,0.847863,0.794815,,29184.000000,,,7,221388.000000,230552.000000,,2.333135,2.311028,2.340555,2.372220,1
native,stage_06_batch,shapes,frontier,4096,64,128,16,7,1.130846,1.268683,1.067443,0.500735,2.194139,1.769182,0.806322,,58368.000000,,,7,358660.000000,392912.000000,,2.131752,2.096927,2.146299,2.203207,1
native,stage_06_batch,shapes,mixed,4096,48,128,16,7,0.925915,2.363355,0.863870,1.428234,1.793383,3.793504,2.115278,,41728.000000,,,7,291556.000000,327636.000000,,0.604852,0.600626,0.606028,0.607418,0
native,stage_06_batch,shapes,equal_wide,4096,64,64,64,7,0.563681,0.636060,1.647102,1.029987,2.212742,1.661101,0.750698,,29184.000000,,,7,805068.000000,814232.000000,,1.599148,1.588668,1.615291,1.642248,0
native,stage_06_batch,shapes,equal_256,4096,64,64,256,7,0.562170,0.637244,6.142772,3.665355,6.701469,4.297704,0.641308,,29184.000000,,,7,3139788.000000,3148952.000000,,1.675901,1.669579,1.675901,1.732637,0
native,stage_06_batch,shapes,mixed_256,4096,48,128,256,7,0.937794,2.363001,9.660729,7.127097,10.601072,9.496668,0.895821,,41728.000000,,,7,4200676.000000,4236756.000000,,1.355493,1.346942,1.357319,1.361196,0
sim,stage_06_batch,matrix,custom,1048576,65536,16,8,7,324.136000,259.935000,246.507000,72.284000,570.649000,332.570000,0.582793,,,5348.036856,5102.560121,7,44140692.000000,48467880.000000,,3.410257,3.107163,3.411034,3.442947,1
