kind,case,n,m,k,width,method,round,memory_tracking,profile,control_ms,apply_ms,total_ms,control_bytes,control_apply_heap_peak_bytes,tags_ms,normalize_ms,write_ms,replay_ms,project_ms,prepare_ms
round,compact,4096,16,16,16,Supple,0,1,0,0.121261,0.110659,0.231920,1216,95068,0.000000,0.000000,0.000000,0.000000,0.000000,0.000000
round,compact,4096,16,16,16,OFRSupple,0,1,0,0.132193,0.102965,0.235158,1600,96236,0.000000,0.000000,0.000000,0.000000,0.000000,0.000000
round,compact,4096,16,16,16,OFRSupple,1,1,0,0.132671,0.105162,0.237833,1600,96236,0.000000,0.000000,0.000000,0.000000,0.000000,0.000000
round,compact,4096,16,16,16,Supple,1,1,0,0.123658,0.111044,0.234702,1216,95068,0.000000,0.000000,0.000000,0.000000,0.000000,0.000000
round,compact,4096,16,16,16,Supple,2,1,0,0.122781,0.111555,0.234336,1216,95068,0.000000,0.000000,0.000000,0.000000,0.000000,0.000000
round,compact,4096,16,16,16,OFRSupple,2,1,0,0.127130,0.104978,0.232108,1600,96236,0.000000,0.000000,0.000000,0.000000,0.000000,0.000000
round,compact,4096,16,16,16,OFRSupple,3,1,0,0.135555,0.107797,0.243352,1600,96236,0.000000,0.000000,0.000000,0.000000,0.000000,0.000000
round,compact,4096,16,16,16,Supple,3,1,0,0.127629,0.116931,0.244560,1216,95068,0.000000,0.000000,0.000000,0.000000,0.000000,0.000000
round,compact,4096,16,16,16,Supple,4,1,0,0.137326,0.110271,0.247597,1216,95068,0.000000,0.000000,0.000000,0.000000,0.000000,0.000000
round,compact,4096,16,16,16,OFRSupple,4,1,0,0.136566,0.102927,0.239493,1600,96236,0.000000,0.000000,0.000000,0.000000,0.000000,0.000000
round,compact,4096,16,16,16,OFRSupple,5,1,0,0.128500,0.108966,0.237466,1600,96236,0.000000,0.000000,0.000000,0.000000,0.000000,0.000000
round,compact,4096,16,16,16,Supple,5,1,0,0.123251,0.109714,0.232965,1216,95068,0.000000,0.000000,0.000000,0.000000,0.000000,0.000000
round,compact,4096,16,16,16,Supple,6,1,0,0.124886,0.111900,0.236786,1216,95068,0.000000,0.000000,0.000000,0.000000,0.000000,0.000000
round,compact,4096,16,16,16,OFRSupple,6,1,0,0.127702,0.104588,0.232290,1600,96236,0.000000,0.000000,0.000000,0.000000,0.000000,0.000000
median,compact,4096,16,16,16,Supple,7,1,0,0.123658,0.111044,0.234702,1216,95068,0.000000,0.000000,0.000000,0.000000,0.000000,0.000000
median,compact,4096,16,16,16,OFRSupple,7,1,0,0.132193,0.104978,0.237466,1600,96236,0.000000,0.000000,0.000000,0.000000,0.000000,0.000000
round,equal,4096,64,64,16,Supple,0,1,0,0.563106,0.505642,1.068748,6144,221388,0.000000,0.000000,0.000000,0.000000,0.000000,0.000000
round,equal,4096,64,64,16,OFRSupple,0,1,0,0.629160,0.217887,0.847047,29184,230552,0.000000,0.000000,0.000000,0.000000,0.000000,0.000000
round,equal,4096,64,64,16,OFRSupple,1,1,0,0.625402,0.217392,0.842794,29184,230552,0.000000,0.000000,0.000000,0.000000,0.000000,0.000000
round,equal,4096,64,64,16,Supple,1,1,0,0.563618,0.503058,1.066676,6144,221388,0.000000,0.000000,0.000000,0.000000,0.000000,0.000000
round,equal,4096,64,64,16,Supple,2,1,0,0.557405,0.508250,1.065655,6144,221388,0.000000,0.000000,0.000000,0.000000,0.000000,0.000000
round,equal,4096,64,64,16,OFRSupple,2,1,0,0.630128,0.221219,0.851347,29184,230552,0.000000,0.000000,0.000000,0.000000,0.000000,0.000000
round,equal,4096,64,64,16,OFRSupple,3,1,0,0.625403,0.215439,0.840842,29184,230552,0.000000,0.000000,0.000000,0.000000,0.000000,0.000000
round,equal,4096,64,64,16,Supple,3,1,0,0.567523,0.500549,1.068072,6144,221388,0.000000,0.000000,0.000000,0.000000,0.000000,0.000000
round,equal,4096,64,64,16,Supple,4,1,0,0.557191,0.506736,1.063927,6144,221388,0.000000,0.000000,0.000000,0.000000,0.000000,0.000000
round,equal,4096,64,64,16,OFRSupple,4,1,0,0.625038,0.213368,0.838406,29184,230552,0.000000,0.000000,0.000000,0.000000,0.000000,0.000000
round,equal,4096,64,64,16,OFRSupple,5,1,0,0.633087,0.214275,0.847362,29184,230552,0.000000,0.000000,0.000000,0.000000,0.000000,0.000000
round,equal,4096,64,64,16,Supple,5,1,0,0.557909,0.504446,1.062355,6144,221388,0.000000,0.000000,0.000000,0.000000,0.000000,0.000000
round,equal,4096,64,64,16,Supple,6,1,0,0.566023,0.510513,1.076536,6144,221388,0.000000,0.000000,0.000000,0.000000,0.000000,0.000000
round,equal,4096,64,64,16,OFRSupple,6,1,0,0.646916,0.214090,0.861006,29184,230552,0.000000,0.000000,0.000000,0.000000,0.000000,0.000000
median,equal,4096,64,64,16,Supple,7,1,0,0.563106,0.505642,1.066676,6144,221388,0.000000,0.000000,0.000000,0.000000,0.000000,0.000000
median,equal,4096,64,64,16,OFRSupple,7,1,0,0.629160,0.215439,0.847047,29184,230552,0.000000,0.000000,0.000000,0.000000,0.000000,0.000000
round,frontier,4096,64,128,16,Supple,0,1,0,1.134755,1.071413,2.206168,12288,358660,0.000000,0.000000,0.000000,0.000000,0.000000,0.000000
round,frontier,4096,64,128,16,OFRSupple,0,1,0,1.265622,0.498728,1.764350,58368,392912,0.000000,0.000000,0.000000,0.000000,0.000000,0.000000
round,frontier,4096,64,128,16,OFRSupple,1,1,0,1.262709,0.484396,1.747105,58368,392912,0.000000,0.000000,0.000000,0.000000,0.000000,0.000000
round,frontier,4096,64,128,16,Supple,1,1,0,1.128312,1.054539,2.182851,12288,358660,0.000000,0.000000,0.000000,0.000000,0.000000,0.000000
round,frontier,4096,64,128,16,Supple,2,1,0,1.142678,1.072642,2.215320,12288,358660,0.000000,0.000000,0.000000,0.000000,0.000000,0.000000
round,frontier,4096,64,128,16,OFRSupple,2,1,0,1.271886,0.498096,1.769982,58368,392912,0.000000,0.000000,0.000000,0.000000,0.000000,0.000000
round,frontier,4096,64,128,16,OFRSupple,3,1,0,1.274126,0.476775,1.750901,58368,392912,0.000000,0.000000,0.000000,0.000000,0.000000,0.000000
round,frontier,4096,64,128,16,Supple,3,1,0,1.122795,1.058016,2.180811,12288,358660,0.000000,0.000000,0.000000,0.000000,0.000000,0.000000
round,frontier,4096,64,128,16,Supple,4,1,0,1.125560,1.071233,2.196793,12288,358660,0.000000,0.000000,0.000000,0.000000,0.000000,0.000000
round,frontier,4096,64,128,16,OFRSupple,4,1,0,1.272417,0.497246,1.769663,58368,392912,0.000000,0.000000,0.000000,0.000000,0.000000,0.000000
round,frontier,4096,64,128,16,OFRSupple,5,1,0,1.263285,0.479130,1.742415,58368,392912,0.000000,0.000000,0.000000,0.000000,0.000000,0.000000
round,frontier,4096,64,128,16,Supple,5,1,0,1.122886,1.053136,2.176022,12288,358660,0.000000,0.000000,0.000000,0.000000,0.000000,0.000000
round,frontier,4096,64,128,16,Supple,6,1,0,1.126708,1.067325,2.194033,12288,358660,0.000000,0.000000,0.000000,0.000000,0.000000,0.000000
round,frontier,4096,64,128,16,OFRSupple,6,1,0,1.261498,0.498372,1.759870,58368,392912,0.000000,0.000000,0.000000,0.000000,0.000000,0.000000
median,frontier,4096,64,128,16,Supple,7,1,0,1.126708,1.067325,2.194033,12288,358660,0.000000,0.000000,0.000000,0.000000,0.000000,0.000000
median,frontier,4096,64,128,16,OFRSupple,7,1,0,1.265622,0.497246,1.759870,58368,392912,0.000000,0.000000,0.000000,0.000000,0.000000,0.000000
round,mixed,4096,48,128,16,Supple,0,1,0,0.923371,0.865831,1.789202,10240,291556,0.000000,0.000000,0.000000,0.000000,0.000000,0.000000
round,mixed,4096,48,128,16,OFRSupple,0,1,0,2.374450,1.423086,3.797536,41728,327636,0.000000,0.000000,0.000000,0.000000,0.000000,0.000000
round,mixed,4096,48,128,16,OFRSupple,1,1,0,2.376222,1.431250,3.807472,41728,327636,0.000000,0.000000,0.000000,0.000000,0.000000,0.000000
round,mixed,4096,48,128,16,Supple,1,1,0,0.933612,0.881988,1.815600,10240,291556,0.000000,0.000000,0.000000,0.000000,0.000000,0.000000
round,mixed,4096,48,128,16,Supple,2,1,0,0.940701,0.870783,1.811484,10240,291556,0.000000,0.000000,0.000000,0.000000,0.000000,0.000000
round,mixed,4096,48,128,16,OFRSupple,2,1,0,2.383377,1.424262,3.807639,41728,327636,0.000000,0.000000,0.000000,0.000000,0.000000,0.000000
round,mixed,4096,48,128,16,OFRSupple,3,1,0,2.382835,1.422941,3.805776,41728,327636,0.000000,0.000000,0.000000,0.000000,0.000000,0.000000
round,mixed,4096,48,128,16,Supple,3,1,0,0.913458,0.872001,1.785459,10240,291556,0.000000,0.000000,0.000000,0.000000,0.000000,0.000000
round,mixed,4096,48,128,16,Supple,4,1,0,0.926540,0.867019,1.793559,10240,291556,0.000000,0.000000,0.000000,0.000000,0.000000,0.000000
round,mixed,4096,48,128,16,OFRSupple,4,1,0,2.371816,1.438004,3.809820,41728,327636,0.000000,0.000000,0.000000,0.000000,0.000000,0.000000
round,mixed,4096,48,128,16,OFRSupple,5,1,0,2.370845,1.429319,3.800164,41728,327636,0.000000,0.000000,0.000000,0.000000,0.000000,0.000000
round,mixed,4096,48,128,16,Supple,5,1,0,0.934068,0.866178,1.800246,10240,291556,0.000000,0.000000,0.000000,0.000000,0.000000,0.000000
round,mixed,4096,48,128,16,Supple,6,1,0,0.922201,0.869023,1.791224,10240,291556,0.000000,0.000000,0.000000,0.000000,0.000000,0.000000
round,mixed,4096,48,128,16,OFRSupple,6,1,0,2.384315,1.433273,3.817588,41728,327636,0.000000,0.000000,0.000000,0.000000,0.000000,0.000000
median,mixed,4096,48,128,16,Supple,7,1,0,0.926540,0.869023,1.793559,10240,291556,0.000000,0.000000,0.000000,0.000000,0.000000,0.000000
median,mixed,4096,48,128,16,OFRSupple,7,1,0,2.376222,1.429319,3.807472,41728,327636,0.000000,0.000000,0.000000,0.000000,0.000000,0.000000
round,equal_wide,4096,64,64,64,Supple,0,1,0,0.565125,1.642606,2.207731,6144,805068,0.000000,0.000000,0.000000,0.000000,0.000000,0.000000
round,equal_wide,4096,64,64,64,OFRSupple,0,1,0,0.636247,1.049805,1.686052,29184,814232,0.000000,0.000000,0.000000,0.000000,0.000000,0.000000
round,equal_wide,4096,64,64,64,OFRSupple,1,1,0,0.631651,0.951932,1.583583,29184,814232,0.000000,0.000000,0.000000,0.000000,0.000000,0.000000
round,equal_wide,4096,64,64,64,Supple,1,1,0,0.549093,1.567295,2.116388,6144,805068,0.000000,0.000000,0.000000,0.000000,0.000000,0.000000
round,equal_wide,4096,64,64,64,Supple,2,1,0,0.559730,1.650657,2.210387,6144,805068,0.000000,0.000000,0.000000,0.000000,0.000000,0.000000
round,equal_wide,4096,64,64,64,OFRSupple,2,1,0,0.635329,1.030686,1.666015,29184,814232,0.000000,0.000000,0.000000,0.000000,0.000000,0.000000
round,equal_wide,4096,64,64,64,OFRSupple,3,1,0,0.629605,0.946024,1.575629,29184,814232,0.000000,0.000000,0.000000,0.000000,0.000000,0.000000
round,equal_wide,4096,64,64,64,Supple,3,1,0,0.566813,1.563052,2.129865,6144,805068,0.000000,0.000000,0.000000,0.000000,0.000000,0.000000
round,equal_wide,4096,64,64,64,Supple,4,1,0,0.561872,1.640156,2.202028,6144,805068,0.000000,0.000000,0.000000,0.000000,0.000000,0.000000
round,equal_wide,4096,64,64,64,OFRSupple,4,1,0,0.628518,1.034105,1.662623,29184,814232,0.000000,0.000000,0.000000,0.000000,0.000000,0.000000
round,equal_wide,4096,64,64,64,OFRSupple,5,1,0,0.632438,0.957064,1.589502,29184,814232,0.000000,0.000000,0.000000,0.000000,0.000000,0.000000
round,equal_wide,4096,64,64,64,Supple,5,1,0,0.560515,1.576362,2.136877,6144,805068,0.000000,0.000000,0.000000,0.000000,0.000000,0.000000
round,equal_wide,4096,64,64,64,Supple,6,1,0,0.562501,1.655651,2.218152,6144,805068,0.000000,0.000000,0.000000,0.000000,0.000000,0.000000
round,equal_wide,4096,64,64,64,OFRSupple,6,1,0,0.635568,1.032254,1.667822,29184,814232,0.000000,0.000000,0.000000,0.000000,0.000000,0.000000
median,equal_wide,4096,64,64,64,Supple,7,1,0,0.561872,1.640156,2.202028,6144,805068,0.000000,0.000000,0.000000,0.000000,0.000000,0.000000
median,equal_wide,4096,64,64,64,OFRSupple,7,1,0,0.632438,1.030686,1.662623,29184,814232,0.000000,0.000000,0.000000,0.000000,0.000000,0.000000
round,equal_256,4096,64,64,256,Supple,0,1,0,0.560417,6.156291,6.716708,6144,3139788,0.000000,0.000000,0.000000,0.000000,0.000000,0.000000
round,equal_256,4096,64,64,256,OFRSupple,0,1,0,0.638780,3.683142,4.321922,29184,3148952,0.000000,0.000000,0.000000,0.000000,0.000000,0.000000
round,equal_256,4096,64,64,256,OFRSupple,1,1,0,0.638408,3.404736,4.043144,29184,3148952,0.000000,0.000000,0.000000,0.000000,0.000000,0.000000
round,equal_256,4096,64,64,256,Supple,1,1,0,0.563922,5.879774,6.443696,6144,3139788,0.000000,0.000000,0.000000,0.000000,0.000000,0.000000
round,equal_256,4096,64,64,256,Supple,2,1,0,0.560531,6.126048,6.686579,6144,3139788,0.000000,0.000000,0.000000,0.000000,0.000000,0.000000
round,equal_256,4096,64,64,256,OFRSupple,2,1,0,0.637829,3.661036,4.298865,29184,3148952,0.000000,0.000000,0.000000,0.000000,0.000000,0.000000
round,equal_256,4096,64,64,256,OFRSupple,3,1,0,0.639394,3.395427,4.034821,29184,3148952,0.000000,0.000000,0.000000,0.000000,0.000000,0.000000
round,equal_256,4096,64,64,256,Supple,3,1,0,0.565388,5.860695,6.426083,6144,3139788,0.000000,0.000000,0.000000,0.000000,0.000000,0.000000
round,equal_256,4096,64,64,256,Supple,4,1,0,0.558137,6.160601,6.718738,6144,3139788,0.000000,0.000000,0.000000,0.000000,0.000000,0.000000
round,equal_256,4096,64,64,256,OFRSupple,4,1,0,0.643794,3.677069,4.320863,29184,3148952,0.000000,0.000000,0.000000,0.000000,0.000000,0.000000
round,equal_256,4096,64,64,256,OFRSupple,5,1,0,0.650946,3.389965,4.040911,29184,3148952,0.000000,0.000000,0.000000,0.000000,0.000000,0.000000
round,equal_256,4096,64,64,256,Supple,5,1,0,0.562646,5.849990,6.412636,6144,3139788,0.000000,0.000000,0.000000,0.000000,0.000000,0.000000
round,equal_256,4096,64,64,256,Supple,6,1,0,0.557965,6.162462,6.720427,6144,3139788,0.000000,0.000000,0.000000,0.000000,0.000000,0.000000
round,equal_256,4096,64,64,256,OFRSupple,6,1,0,0.633416,3.701557,4.334973,29184,3148952,0.000000,0.000000,0.000000,0.000000,0.000000,0.000000
median,equal_256,4096,64,64,256,Supple,7,1,0,0.560531,6.126048,6.686579,6144,3139788,0.000000,0.000000,0.000000,0.000000,0.000000,0.000000
median,equal_256,4096,64,64,256,OFRSupple,7,1,0,0.638780,3.661036,4.298865,29184,3148952,0.000000,0.000000,0.000000,0.000000,0.000000,0.000000
round,mixed_256,4096,48,128,256,Supple,0,1,0,0.934706,9.651834,10.586540,10240,4200676,0.000000,0.000000,0.000000,0.000000,0.000000,0.000000
round,mixed_256,4096,48,128,256,OFRSupple,0,1,0,2.377749,7.141854,9.519603,41728,4236756,0.000000,0.000000,0.000000,0.000000,0.000000,0.000000
round,mixed_256,4096,48,128,256,OFRSupple,1,1,0,2.386267,7.120667,9.506934,41728,4236756,0.000000,0.000000,0.000000,0.000000,0.000000,0.000000
round,mixed_256,4096,48,128,256,Supple,1,1,0,0.941529,9.666676,10.608205,10240,4200676,0.000000,0.000000,0.000000,0.000000,0.000000,0.000000
round,mixed_256,4096,48,128,256,Supple,2,1,0,0.939618,9.613246,10.552864,10240,4200676,0.000000,0.000000,0.000000,0.000000,0.000000,0.000000
round,mixed_256,4096,48,128,256,OFRSupple,2,1,0,2.377415,7.184076,9.561491,41728,4236756,0.000000,0.000000,0.000000,0.000000,0.000000,0.000000
round,mixed_256,4096,48,128,256,OFRSupple,3,1,0,2.387672,7.099165,9.486837,41728,4236756,0.000000,0.000000,0.000000,0.000000,0.000000,0.000000
round,mixed_256,4096,48,128,256,Supple,3,1,0,0.938267,9.670074,10.608341,10240,4200676,0.000000,0.000000,0.000000,0.000000,0.000000,0.000000
round,mixed_256,4096,48,128,256,Supple,4,1,0,0.936368,9.781011,10.717379,10240,4200676,0.000000,0.000000,0.000000,0.000000,0.000000,0.000000
round,mixed_256,4096,48,128,256,OFRSupple,4,1,0,2.378785,7.137014,9.515799,41728,4236756,0.000000,0.000000,0.000000,0.000000,0.000000,0.000000
round,mixed_256,4096,48,128,256,OFRSupple,5,1,0,2.380347,7.117576,9.497923,41728,4236756,0.000000,0.000000,0.000000,0.000000,0.000000,0.000000
round,mixed_256,4096,48,128,256,Supple,5,1,0,0.930300,9.675464,10.605764,10240,4200676,0.000000,0.000000,0.000000,0.000000,0.000000,0.000000
round,mixed_256,4096,48,128,256,Supple,6,1,0,0.928766,9.690265,10.619031,10240,4200676,0.000000,0.000000,0.000000,0.000000,0.000000,0.000000
round,mixed_256,4096,48,128,256,OFRSupple,6,1,0,2.375774,7.132836,9.508610,41728,4236756,0.000000,0.000000,0.000000,0.000000,0.000000,0.000000
median,mixed_256,4096,48,128,256,Supple,7,1,0,0.936368,9.670074,10.608205,10240,4200676,0.000000,0.000000,0.000000,0.000000,0.000000,0.000000
median,mixed_256,4096,48,128,256,OFRSupple,7,1,0,2.378785,7.132836,9.508610,41728,4236756,0.000000,0.000000,0.000000,0.000000,0.000000,0.000000
