case,n,m,k,width,method,round,memory_tracking,profile,offline_ms,online_ms,total_ms,ecall_ms,algorithm_heap_peak_bytes,mark_ms,count_ms,swo_write_ms,tags_ms,normalize_ms,write_ms,replay_ms,project_ms,prepare_ms
custom,1048576,16384,64,16,Supple,0,0,0,614.115000,491.580000,1105.695000,5932.476311,0,0.000000,0.000000,0.000000,0.000000,0.000000,0.000000,0.000000,0.000000,0.000000
custom,1048576,16384,64,16,OFRSupple,0,0,0,505.439000,117.751000,623.190000,5388.386801,0,0.000000,0.000000,0.000000,0.000000,0.000000,0.000000,0.000000,0.000000,0.000000
custom,1048576,16384,64,16,OFRSupple,1,0,0,507.382000,118.891000,626.273000,5401.848430,0,0.000000,0.000000,0.000000,0.000000,0.000000,0.000000,0.000000,0.000000,0.000000
custom,1048576,16384,64,16,Supple,1,0,0,608.469000,482.265000,1090.734000,5880.530564,0,0.000000,0.000000,0.000000,0.000000,0.000000,0.000000,0.000000,0.000000,0.000000
custom,1048576,16384,64,16,Supple,2,0,0,607.518000,483.464000,1090.982000,5899.436240,0,0.000000,0.000000,0.000000,0.000000,0.000000,0.000000,0.000000,0.000000,0.000000
custom,1048576,16384,64,16,OFRSupple,2,0,0,507.836000,118.104000,625.940000,5389.177965,0,0.000000,0.000000,0.000000,0.000000,0.000000,0.000000,0.000000,0.000000,0.000000
custom,1048576,16384,64,16,OFRSupple,3,0,0,506.741000,118.523000,625.264000,5368.922323,0,0.000000,0.000000,0.000000,0.000000,0.000000,0.000000,0.000000,0.000000,0.000000
custom,1048576,16384,64,16,Supple,3,0,0,605.676000,481.825000,1087.501000,5871.156578,0,0.000000,0.000000,0.000000,0.000000,0.000000,0.000000,0.000000,0.000000,0.000000
custom,1048576,16384,64,16,Supple,4,0,0,603.624000,480.850000,1084.474000,5916.684727,0,0.000000,0.000000,0.000000,0.000000,0.000000,0.000000,0.000000,0.000000,0.000000
custom,1048576,16384,64,16,OFRSupple,4,0,0,507.710000,119.987000,627.697000,5428.734173,0,0.000000,0.000000,0.000000,0.000000,0.000000,0.000000,0.000000,0.000000,0.000000
custom,1048576,16384,64,16,OFRSupple,5,0,0,513.432000,118.589000,632.021000,5408.205656,0,0.000000,0.000000,0.000000,0.000000,0.000000,0.000000,0.000000,0.000000,0.000000
custom,1048576,16384,64,16,Supple,5,0,0,608.179000,510.437000,1118.616000,5934.382261,0,0.000000,0.000000,0.000000,0.000000,0.000000,0.000000,0.000000,0.000000,0.000000
custom,1048576,16384,64,16,Supple,6,0,0,613.671000,492.191000,1105.862000,5934.373303,0,0.000000,0.000000,0.000000,0.000000,0.000000,0.000000,0.000000,0.000000,0.000000
custom,1048576,16384,64,16,OFRSupple,6,0,0,508.380000,119.450000,627.830000,5449.641855,0,0.000000,0.000000,0.000000,0.000000,0.000000,0.000000,0.000000,0.000000,0.000000
