candidate,warmup_rounds,measured_rounds,ofr_control_ms,ofr_apply_ms,ofr_total_ms,supple_total_ms,retained
sse4,0,1,509.593000,92.438000,602.031000,,no
sse8,2,3,333.327476,93.291692,426.619168,269.043292,no
group,2,3,335.595029,92.846060,428.847018,273.239684,no
remaining,2,3,334.866779,92.475387,427.342166,273.315564,no
sse16,2,3,260.205478,95.782151,355.987629,272.294318,no
prefix,2,3,252.211345,95.306192,347.517537,269.498985,no
limits,2,3,221.317213,95.584191,316.901404,270.222000,no
checkpoint,2,3,214.892849,95.620127,310.730079,274.450142,core
joint_checkpoint,2,3,212.650983,95.697608,308.348591,279.807004,yes
