n,block_size,requested_fork_ratio,fork_ratio,repeats,warmups,seed,control_words,ofr_schedule,ofr_control_ms,ofrcompact_ms,ocompact_ms,speedup,correct
1048576,4,0.25,0.250000000,15,5,20260903,10485760,postorder,155.539000000,22.918133333,21.509200000,0.938523207,1
1048576,8,0.25,0.250000000,15,5,20260904,10485760,postorder,155.602000000,22.616266667,22.288800000,0.985520746,1
1048576,12,0.25,0.250000000,15,5,20260905,10485760,postorder,160.504000000,23.210333333,23.867066667,1.028294869,1
1048576,16,0.25,0.250000000,15,5,20260906,10485760,postorder,155.932000000,23.263866667,24.000000000,1.031642776,1
1048576,24,0.25,0.250000000,15,5,20260907,10485760,postorder,157.633000000,29.320666667,27.288200000,0.930681431,1
1048576,32,0.25,0.250000000,15,5,20260908,10485760,postorder,159.789000000,45.743066667,45.786400000,1.000947320,1
1048576,64,0.25,0.250000000,15,5,20260909,10485760,postorder,155.769000000,74.463933333,75.124866667,1.008875885,1
1048576,128,0.25,0.250000000,15,5,20260910,10485760,postorder,157.441000000,141.484333333,143.021933333,1.010867634,1
1048576,256,0.25,0.250000000,15,5,20260911,10485760,postorder,158.287000000,280.247466667,280.869733333,1.002220419,1
1048576,512,0.25,0.250000000,15,5,20260912,10485760,postorder,155.382000000,575.541333333,583.492133333,1.013814473,1
1048576,1024,0.25,0.250000000,15,5,20260913,10485760,postorder,156.710000000,1215.497400000,1220.275200000,1.003930737,1
1048576,4096,0.25,0.250000000,15,5,20260914,10485760,postorder,156.741000000,5192.428200000,5265.591000000,1.014090286,1
