block_size,p,n,k,ecall_time_ms,ptime_ms,gen_perm_offline_ms,apply_perm_online_ms,oswaps,algorithm_heap_peak_mib
16,0.015625,1048576,64,5658.199400,805.409000,526.809000,278.600000,110100480,75.09585952758789

8,0.0625,65536,16,324.878600,23.464100,14.724500,8.739600,3801088,3.095844268798828
8,0.0625,262144,16,1314.754700,103.323400,63.551100,39.772300,17301504,12.095844268798828
8,0.0625,1048576,16,5282.281900,444.653500,269.741500,174.912000,77594624,48.09584426879883
8,0.0625,4194304,16,21275.693000,1947.504100,1163.969200,783.534900,343932928,192.09584426879883
8,0.0625,16777216,16,85772.311800,8436.211100,4971.635300,3464.575800,1509949440,768.0958442687988

16,0.015625,1048576,64,5675.568400,808.964000,530.309000,278.655000,110100480,75.09585952758789

16,0.015625,1048576,64,5666.060400,815.293000,537.116000,278.177000,110100480,75.09585952758789

16,0.015625,1048576,64,5677.526300,814.953600,536.424200,278.529400,110100480,81.09585952758789

16,0.015625,1048576,64,5713.136600,816.764600,536.058400,280.706200,110100480,75.09585952758789
